疾病,類別,主題,問題,解答連結
巴金森病（帕金森氏症）,疾病診斷,確診困難,Q⦁父親因為心臟不舒服一直掛急診，流連各科檢查才發現是巴金森病。請問巴金森病為什麼跟心臟不舒服有關？還有哪些症狀可能和巴金森病有關？,https://health.udn.com/health/care/135/293198
巴金森病（帕金森氏症）,疾病診斷,遺傳,Q⦁最近手部會顫抖，和媽媽的症狀很像，我懷疑我也有巴金森病！巴金森病是遺傳性疾病嗎？,https://health.udn.com/health/care/135/293199
巴金森病（帕金森氏症）,疾病診斷,藥物引發巴金森病症狀,"Q⦁看到網路上有人說,頭痛吃太多止痛藥會導致巴金森病,這是真的嗎？藥物引發的巴金森病會好嗎？",https://health.udn.com/health/care/135/293200
巴金森病（帕金森氏症）,疾病診斷,手指檢測,Q⦁爸因為關節卡卡跟肩膀痠痛掛號神經科，醫師叫他做雙手拇指食指開合的手指檢測，認為爸爸罹患巴金森病。請問什麼是手指檢測，為什麼手指檢測可以檢測巴金森病呢？,https://health.udn.com/health/care/135/293201
巴金森病（帕金森氏症）,疾病診斷,自我檢測表,Q⦁奶奶平衡感變差，手也常不自覺顫抖，這是自然老化嗎？有什麼量表或方法可以評估奶奶有沒有巴金森病呢？,https://health.udn.com/health/care/135/293202
巴金森病（帕金森氏症）,疾病診斷,失智症比較,Q⦁阿公最近生活能力退化明顯，不只行動變遲緩，也愈來愈不喜歡和人互動，以為是失智症，醫師卻說他是巴金森病。請問這2種病有什麼不一樣呢？,https://health.udn.com/health/care/135/293203
巴金森病（帕金森氏症）,疾病診斷,非典型巴金森病,Q⦁什麼是非典型巴金森病？和巴金森病有什麼不同？是否也有凍僵步態的情況呢？非典型病程進展速度很快嗎？,https://health.udn.com/health/care/135/293204
巴金森病（帕金森氏症）,動作障礙,藥效見效時間,Q⦁因為左手臂一直顫抖，剛被診斷出罹患巴金森病。目前吃藥吃2個禮拜了但手還是會抖，請問這是正常的嗎？減緩顫抖的藥需要吃多久才會見效？,https://health.udn.com/health/care/136/293205
巴金森病（帕金森氏症）,動作障礙,改善身體僵硬,Q⦁想改善身體僵硬的問題，我可以用遠紅外線泡腳機嗎？還是有其它的舒緩方法？,https://health.udn.com/health/care/136/293206
巴金森病（帕金森氏症）,動作障礙,運動建議,Q⦁我罹病2年，目前有單邊腳抖的症狀，想加強運動復健，請問我應該找健身教練訓練，還是上醫院的物理治療課程呢？有適合在家完成的運動嗎？,https://health.udn.com/health/care/136/293207
巴金森病（帕金森氏症）,動作障礙,步態不穩,Q⦁罹病的我2年前開始走路不平衡時常跌倒，現在都會避免單手提重物，減少重心不穩跌倒的狀況。請問還有什麼方法能降低行動時跌倒的風險呢？,https://health.udn.com/health/care/136/293208
巴金森病（帕金森氏症）,動作障礙,鞋子選擇,Q⦁爺爺巴金森2期雖然可以自行走路，但因為腳抬不高、走路不穩容易跌倒，鞋子前方也容易磨損，請問巴金森病友挑選鞋子時該留意哪些部分呢？,https://health.udn.com/health/care/136/293209
巴金森病（帕金森氏症）,動作障礙,撲克臉,"Q⦁爸爸已經在接受治療,但還是有臉部僵硬的情形,請問有什麼方法或運動能訓練臉部神經嗎？",https://health.udn.com/health/care/136/293210
巴金森病（帕金森氏症）,動作障礙,不寧腿,Q⦁晚上睡覺一躺著就全身刺痛、發癢，像是螞蟻在身上爬，必須一直動才能舒緩。為什麼會有這樣的症狀呢？,https://health.udn.com/health/care/136/293211
巴金森病（帕金森氏症）,動作障礙,牙齒緊咬,Q⦁媽媽罹患巴金森病很多年了，最近幾個月每到下午就會抱怨牙痛，晚上也會因為牙齒不自覺緊咬而痠痛。請問這是巴金森病導致的症狀嗎？,https://health.udn.com/health/care/136/293212
巴金森病（帕金森氏症）,非動作障礙,情緒低落,Q⦁罹患巴金森病後，我出現情緒低落、焦慮、睡眠障礙問題，這是正常症狀嗎？我應該找神經內科還是精神科看診呢？要靠吃藥才能改善嗎？,https://health.udn.com/health/care/137/293213
巴金森病（帕金森氏症）,非動作障礙,妄想溝通,Q⦁會因罹患巴金森病而產生懷疑、被害妄想的症狀嗎？有什麼方法能減輕？同住家人很困擾，要如何和有妄想症狀的患者溝通呢？,https://health.udn.com/health/care/137/293214
巴金森病（帕金森氏症）,非動作障礙,幻覺,Q⦁母親罹病已13年，近年無藥效時人無法動彈，服藥後可行動但會出現幻覺。我很希望能帶媽媽多運動，或是好好講講話，但她的幻覺讓我們什麼都做不了，該怎麼改善呢？,https://health.udn.com/health/care/137/293215
巴金森病（帕金森氏症）,非動作障礙,幻聽,Q⦁媽媽服用巴金森病藥物後，一直說有人打電話找她出門，有嚴重幻聽情形，但又不能不吃藥，有辦法轉移她的注意力嗎？該怎麼改善幻聽症狀？,https://health.udn.com/health/care/137/293216
巴金森病（帕金森氏症）,非動作障礙,性衝動,Q⦁家父已有近17年巴金森病史，最近幾個月非常著迷於鎖碼（彩虹）頻道，家人及外籍看護很困擾，突然變化是生病造成的嗎？可以怎麼處理呢？,https://health.udn.com/health/care/137/293217
巴金森病（帕金森氏症）,非動作障礙,衝動購物,Q⦁家人罹患巴金森病後，一直想買東西，包括家庭用品跟衣服，家中囤物狀況嚴重，家屬該怎麼協助改善？,https://health.udn.com/health/care/137/293218
巴金森病（帕金森氏症）,非動作障礙,性功能障礙,Q⦁巴金森病會影響性功能嗎？如果因此有性功能障礙，還能恢復以前的狀態嗎？除了吃藥幫助還有什麼方法嗎？,https://health.udn.com/health/care/137/293219
巴金森病（帕金森氏症）,非動作障礙,視覺障礙,Q⦁罹病的我最近看東西變模糊，有時候還會出現重疊影像，這跟巴金森病有關嗎？或者只是單純老化現象？,https://health.udn.com/health/care/137/293220
巴金森病（帕金森氏症）,非動作障礙,口乾,Q⦁最近睡覺會因為口腔太乾，每1至2小時就醒來1次，這是巴金森病症狀嗎？還是藥物副作用？該如何改善？,https://health.udn.com/health/care/137/293221
巴金森病（帕金森氏症）,非動作障礙,胃造口鼻胃管選擇,Q⦁爸爸的病程進入第五期，吞嚥有困難，胃造口和鼻胃管該怎麼選擇？,https://health.udn.com/health/care/137/293222
巴金森病（帕金森氏症）,非動作障礙,餵食建議,Q⦁先生罹病後容易嗆水，服藥、進食都有問題，最近常常嘴合不攏，餵什麼都從嘴角流出來，這也是巴金森病的症狀嗎？如果不想做胃造口或鼻胃管，有什麼餵食建議？,https://health.udn.com/health/care/137/293223
巴金森病（帕金森氏症）,非動作障礙,肉毒桿菌,Q⦁巴金森病4期的父親，吞嚥困難程度已經連口水都吞不下去，請問打肉毒桿菌可以改善嗆咳嗎？,https://health.udn.com/health/care/137/293224
巴金森病（帕金森氏症）,生活起居,睡眠撇步,Q⦁我有難入眠、睡睡醒醒的睡眠障礙困擾，除了用藥之外，還可以做什麼提升睡眠品質呢？,https://health.udn.com/health/care/138/293225
巴金森病（帕金森氏症）,生活起居,睡眠療效,Q⦁媽媽因住院開刀好一陣子睡不安穩，突然陷入近10小時昏睡，甚至沒力氣吃飯…。隔天醒來，迷糊、顫抖情形竟好轉許多，是睡眠讓症狀好轉嗎？,https://health.udn.com/health/care/138/293226
巴金森病（帕金森氏症）,生活起居,便祕,Q⦁我大約罹病後2年開始出現腳底、手掌、舌頭麻的情況，還有便祕問題，醫師說我缺乏多巴胺，加藥看不出效果也無法改善。為什麼巴金森病藥物會導致便祕？如果藥物副作用無可避免，還有什麼方式改善嗎？,https://health.udn.com/health/care/138/293227
巴金森病（帕金森氏症）,生活起居,語言能力復健,Q⦁爸爸罹患巴金森病，從講話含糊到已經不太能說話，都只出聲喊叫，請語言治療師有辦法幫助爸爸恢復語言能力嗎？通常會如何幫助爸爸復健呢？,https://health.udn.com/health/care/138/293228
巴金森病（帕金森氏症）,生活起居,血壓與精神,Q⦁媽媽的血壓在不明原因下，在2小時內急速變化，不知道要吃升血壓還是降血壓藥物，有可能是因為精神不穩定造成血壓急遽變化的嗎？,https://health.udn.com/health/care/138/293229
巴金森病（帕金森氏症）,生活起居,天氣變化,Q⦁冬天溫度驟降，感覺行動上也變得僵硬，稍微一起身就會跌倒。家人原本病情趨穩，但在颱風天時，晚上不睡覺大吼大叫。巴金森病症狀會因為天氣變化而有不同嗎？,https://health.udn.com/health/care/138/293230
巴金森病（帕金森氏症）,生活起居,壓力,Q⦁媽媽是巴金森病初期，最近阿嬤要搬來跟爸媽同住，因阿嬤跟媽媽2人關係緊張，我擔心媽媽的病情會不會因壓力迅速惡化？,https://health.udn.com/health/care/138/293231
巴金森病（帕金森氏症）,生活起居,用藥提醒,Q⦁身為巴友的爸爸需要定期吃藥，但我沒有和他同住，無法確認是否定時吃藥，有什麼讓爸爸不會多吃或少吃藥的好方法嗎？,https://health.udn.com/health/care/138/293232
巴金森病（帕金森氏症）,生活起居,穿脫衣物,Q⦁大姊罹患巴金森病1年多，有時會抱怨生病讓她連換衣服都很辛苦。要怎麼選擇服裝、輔具，讓巴友著裝更便利呢？,https://health.udn.com/health/care/138/293233
巴金森病（帕金森氏症）,生活起居,整理家務,Q⦁媽媽得病後還是堅持要打掃、煮菜，但她因為斷電而跌倒受傷已經不只一次了，我該阻止她繼續做家事嗎？還是有什麼因應的建議嗎？,https://health.udn.com/health/care/138/293234
巴金森病（帕金森氏症）,生活起居,飲食建議,Q⦁巴金森病友有什麼飲食禁忌？有可以減緩巴金森病程的飲食指南嗎？,https://health.udn.com/health/care/138/293235
巴金森病（帕金森氏症）,生活起居,蛋白質與用藥,Q⦁為什麼巴金森病藥物不能飯後馬上吃，還要避開牛奶、起司這些高蛋白飲食？,https://health.udn.com/health/care/138/293236
巴金森病（帕金森氏症）,生活起居,蛋白質補充,Q⦁我吃巴金森病的藥已快8年，最近發現有骨質疏鬆和肌少症要多補充蛋白質，但巴金森病吃藥又要避開高蛋白飲食，巴友該怎麼補充蛋白質？,https://health.udn.com/health/care/138/293237
巴金森病（帕金森氏症）,生活起居,咖啡,Q⦁聽說黑咖啡對控制病情有幫助，母親罹患巴金森病6年，每天煮咖啡給她喝好嗎？,https://health.udn.com/health/care/138/293238
巴金森病（帕金森氏症）,生活起居,維生素,Q⦁維生素D、維生素B群、Q10等營養品可以幫助控制病情嗎？可以自己買綜合維生素吃嗎？,https://health.udn.com/health/care/138/293239
巴金森病（帕金森氏症）,生活起居,生酮飲食,Q⦁最近很熱門的飲食方法生酮飲食，聽說對巴金森病具有療效。請問生酮飲食真的能改善巴金森病嗎？,https://health.udn.com/health/care/138/293240
巴金森病（帕金森氏症）,生活起居,益生菌,Q⦁看報導說腸道是人的第2大腦，兩者隨時連動，那巴友服用益生菌會對病情有幫助嗎？,https://health.udn.com/health/care/138/293241
巴金森病（帕金森氏症）,疾病治療,就醫選擇,Q⦁我想讓家人得到最好的照護，請問該找附近的醫院看神經內科，還是找大醫院的巴金森病權威醫師？,https://health.udn.com/health/care/139/293242
巴金森病（帕金森氏症）,疾病治療,確診用藥,Q⦁家人剛確診罹患巴金森病，但日常生活目前還不受影響，只有輕微手抖，請問目前就得開始吃藥嗎？巴金森病友進入到什麼病程後需要開始用藥？,https://health.udn.com/health/care/139/293243
巴金森病（帕金森氏症）,疾病治療,年輕型巴友用藥策略,Q⦁我41歲時確診巴金森病，是年輕型病友，請問治療方式與老年才罹病的人一樣嗎？我還年輕，能先不吃藥嗎？,https://health.udn.com/health/care/139/293244
巴金森病（帕金森氏症）,疾病治療,定時用藥,Q⦁因工作需要，一定要某個時段發揮藥效，我該如何用藥？可以自行推算並更動服藥時間嗎？,https://health.udn.com/health/care/139/293245
巴金森病（帕金森氏症）,疾病治療,降低藥量,Q⦁父親吃藥2年好轉了很多，是不是可以減低用藥量，或甚至之後不用再吃藥了？,https://health.udn.com/health/care/139/293246
巴金森病（帕金森氏症）,疾病治療,調藥觀察事項,Q⦁確診巴金森病後，常聽到巴友互相提醒要與醫師討論調整用藥。請問巴友平日可以記錄哪些現象或數值，作為醫師評估是否需調整用藥的參考呢？,https://health.udn.com/health/care/139/293247
巴金森病（帕金森氏症）,疾病治療,用藥蜜月期,Q⦁什麼是用藥蜜月期？平均大約持續多久呢？有什麼方法延長用藥蜜月期？,https://health.udn.com/health/care/139/293248
巴金森病（帕金森氏症）,疾病治療,換藥原因,Q⦁回診時醫師換了1種可以延長藥效時間的藥物，這是代表我的用藥量加重了嗎？但很多患病多年的巴友，多年以來都是吃我以前服用的藥物，為什麼他們不用換藥呢？,https://health.udn.com/health/care/139/293249
巴金森病（帕金森氏症）,疾病治療,心情與藥效,Q⦁常感覺服用巴金森病藥物的當下，如果心情比較好，感覺比較有藥效，心情不好時，好像又沒效，請問是真的會有影響嗎？,https://health.udn.com/health/care/139/293250
巴金森病（帕金森氏症）,疾病治療,調藥不順,Q⦁母親吃了2年的巴金森病藥物，一直都有回診與調藥，醫師始終找不到適合她的藥物，服藥後常出現低血壓、沒食慾、沒體力等狀況，該怎麼辦？,https://health.udn.com/health/care/139/293251
巴金森病（帕金森氏症）,疾病治療,安眠藥用藥衝突,Q⦁罹患巴金森病後，我無時無刻都想睡，雖已看過睡眠障礙科，但效果不是很顯著，請問巴金森病友該如何改善睡眠障礙問題？服用安眠藥會與巴金森病藥物衝突嗎？,https://health.udn.com/health/care/139/293252
巴金森病（帕金森氏症）,疾病治療,抗焦慮用藥衝突,Q⦁母親有嚴重的失眠與情緒低落現象，醫師增加了抗焦慮助眠跟血清素回收抑制劑2款身心科藥物後，失眠立刻改善，卻出現記性跟生活自理能力退化的狀況，這是藥物衝突造成的嗎？,https://health.udn.com/health/care/139/293253
巴金森病（帕金森氏症）,疾病治療,針灸,Q⦁想帶罹患巴金森病的媽媽去針灸，中醫療法能幫助減輕症狀嗎？頭暈能用中醫改善嗎？,https://health.udn.com/health/care/139/293254
巴金森病（帕金森氏症）,疾病治療,中西醫藥物並行,Q⦁很多人說要聽醫師囑咐規律吃藥，除了西藥，我同時有服用其它中藥，請問該如何安排2種藥物的服用時間？,https://health.udn.com/health/care/139/293255
巴金森病（帕金森氏症）,疾病治療,安慰劑作用,Q⦁「媽媽來醫院看到醫師後症狀和心情都變好，在家裡真的不是這樣...」為何會這樣呢？我該更常帶媽媽「看」醫師嗎？是否因症狀落差太大而影響醫師開藥和判斷？,https://health.udn.com/health/care/139/293256
巴金森病（帕金森氏症）,疾病治療,新興療法,Q⦁最近有聽過頭孢曲松治療臨床試驗，請問最新研究中的療法，適合參加嗎？該怎麼評估？,https://health.udn.com/health/care/139/293257
巴金森病（帕金森氏症）,疾病治療,重複性經顱磁刺激術(rTMS),Q⦁若憂鬱狀況很嚴重該怎麼改善？建議做重複性經顱磁刺激術rTMS嗎？如果要做，有什麼需要注意的地方呢？,https://health.udn.com/health/care/139/293258
巴金森病（帕金森氏症）,疾病治療,深腦刺激術(DBS)適用對象,"Q⦁我38歲確認罹病，長期吃藥生活嚴重受異動症影響，最近考慮要做深腦刺激術(DeepBrainStimulation,DBS），請問什麼樣的病人適合DBS治療？我該怎麼和醫師討論？",https://health.udn.com/health/care/139/293259
巴金森病（帕金森氏症）,疾病治療,深腦刺激術(DBS)效果,"Q⦁母親做了深腦刺激術(deepbrainstimulation,DBS)後，身體有時會無力，是DBS電刺激不夠強造成的嗎？",https://health.udn.com/health/care/139/293260
巴金森病（帕金森氏症）,疾病治療,醫薩刀,"Q⦁醫師建議做醫薩刀（聚焦超音波）治療手抖，這個手術和深腦刺激術(deepbrainstimulation,DBS)有什麼不同呢？有後遺症嗎？若想做，需注意什麼呢？",https://health.udn.com/health/care/139/293261
巴金森病（帕金森氏症）,常見合併症,精神症狀,Q⦁母親巴金森病15年，一開始幻覺、幻聽以為是藥物副作用，但接著出現想跟陌生人回家，阻止會反抗，覺得別人要害她而攻擊照顧者，甚至拒絕進食等症狀。面對巴金森病合併精神病，我束手無策，到底該怎麼辦呢？,https://health.udn.com/health/care/140/293262
巴金森病（帕金森氏症）,常見合併症,合併失智症,Q⦁巴金森病後期都會併發失智症嗎？有沒有什麼方法可以避免？如果病人因藥物副作用而有幻想、暴怒傾向，該如何處理呢？,https://health.udn.com/health/care/140/293263
巴金森病（帕金森氏症）,常見合併症,症狀與併發症,"Q⦁巴友常見幻覺、情緒低落,我該如何判斷這只是因疾病而產生的症狀,還是已經進展併發精神疾病了？",https://health.udn.com/health/care/140/293264
巴金森病（帕金森氏症）,常見合併症,異動症,Q⦁異動症的症狀跟癲癇一樣嗎？為什麼會發生異動症？,https://health.udn.com/health/care/140/293265
巴金森病（帕金森氏症）,常見合併症,斷電現象,Q⦁罹病8年，最近藥效過了時常全身僵住，而且時間不固定，讓人很困擾，我該怎麼做？,https://health.udn.com/health/care/140/293266
巴金森病（帕金森氏症）,心理調適,面對調藥過程,Q⦁父親為非典型巴金森病，覺得醫師調藥沒有幫助，我該如何和他溝通呢？醫師告知用藥只能控制無法治癒，病人想放棄治療，該怎麼辦？,https://health.udn.com/health/care/141/293267
巴金森病（帕金森氏症）,心理調適,迷信偏方,Q⦁罹病的父親覺得醫師每次看診只有開藥、調藥，沒有提供其它幫助或建議，不再相信醫師，轉信偏方該怎麼辦？,https://health.udn.com/health/care/141/293268
巴金森病（帕金森氏症）,心理調適,說服固定用藥,Q⦁父親因為藥物副作用自行停藥2年半，期間僅接受中藥、推拿等非西醫治療，身體狀況從第2至3期，至今已第4期，該如何說服父親再度用藥，甚至維持固定服藥的習慣？,https://health.udn.com/health/care/141/293269
巴金森病（帕金森氏症）,心理調適,病友心境變化與調適,Q⦁確診初期的媽媽情緒低落，做什麼都沒動力，容易哭，很擔心自己會快速惡化。我該如何幫助媽媽調適心情，陪媽媽面對與病共處的後半輩子呢？,https://health.udn.com/health/care/141/293270
巴金森病（帕金森氏症）,心理調適,照顧者壓力調適,Q⦁白天照顧家人累到不行，還有失眠、經濟壓力等煩惱，照顧者的壓力爆表，有什麼方式可以改善呢？,https://health.udn.com/health/care/141/293271
巴金森病（帕金森氏症）,心理調適,遠方家人支持,Q⦁爸爸是巴金森病合併失智症，還有慢性病，媽媽作為主要照顧者，面對爸爸的各種不配合，已經快撐不下去了，但我在外縣市工作，不能常常支援照顧，我可以怎麼支持媽媽？,https://health.udn.com/health/care/141/293272
巴金森病（帕金森氏症）,心理調適,照顧者支持團體,Q⦁照顧巴友常有許多問題和挫折，請問家屬加入什麼團體能獲得他人的經驗分享、資源情報或是情感支持呢？,https://health.udn.com/health/care/141/293273
巴金森病（帕金森氏症）,照護資源,身障手冊,Q⦁巴友可以申請身障手冊嗎？病情到什麼程度才能申請？身障手冊與長照申請有關嗎？,https://health.udn.com/health/care/142/293274
巴金森病（帕金森氏症）,照護資源,長照服務,Q⦁長照2.0能提供什麼幫助呢？申請麻煩嗎？要如何收費、政府有補助嗎？,https://health.udn.com/health/care/142/293275
巴金森病（帕金森氏症）,照護資源,喘息服務,Q⦁媽媽作為主要照顧者照顧爸爸身心俱疲，又不想讓爸爸去住老人院，有什麼方法可以讓媽媽偶爾能暫時離開照顧身分，有休息的時間？,https://health.udn.com/health/care/142/293276
巴金森病（帕金森氏症）,照護資源,巴氏量表,Q⦁巴氏量表是診斷巴金森病的工具嗎？申請巴氏量表評估可以做什麼？,https://health.udn.com/health/care/142/293277
巴金森病（帕金森氏症）,照護資源,看護申請,Q⦁我想要申請看護，該怎麼申請？需要附上什麼證明嗎？看護能幫我做什麼？,https://health.udn.com/health/care/142/293278
巴金森病（帕金森氏症）,照護資源,看護與安養院比較,Q⦁家裡同時有2位巴金森病友，是分別送安養院及請看護，還是1次請2個看護比較好？,https://health.udn.com/health/care/142/293279
巴金森病（帕金森氏症）,照護資源,履帶式爬梯輪椅,Q⦁爬樓梯機好用嗎？巴金森病友有哪些申請輔具管道呢？,https://health.udn.com/health/care/142/293280
巴金森病（帕金森氏症）,照護資源,助行輔具,Q⦁母親身體僵硬、容易跌倒，外出時拐杖開始不足以應付，但她不願在外用4腳助行器，還有什麼輔具適合呢？哪種情況下可以用有輪助行推車呢？,https://health.udn.com/health/care/142/293281
巴金森病（帕金森氏症）,照護資源,居家改造建議,Q⦁家人罹患巴金森病，請問家中有需要配合調整或改造嗎？病症不同時期會有什麼不同嗎？,https://health.udn.com/health/care/142/293282
巴金森病（帕金森氏症）,照護資源,申請保險,Q⦁除了長照資源以外，有什麼保險會給付巴金森病的治療呢？不同的保險又有哪些給付差異？,https://health.udn.com/health/care/142/293283
巴金森病（帕金森氏症）,照護資源,保險給付,Q⦁剛發現罹患巴金森病，請問要如何看自己的保險會不會給付？我還可以再保其它醫療險或防癌險嗎？,https://health.udn.com/health/care/142/293284
巴金森病（帕金森氏症）,照護資源,地方與學協會資源,Q⦁想得到巴金森病的最新知識，哪裡可以收到講座或課程資訊呢？,https://health.udn.com/health/care/142/293285
失智症,飲食和營養,拒食或亂食,Q⦁失智者常常忘了已經吃過飯，有重複進食的現象且一直吵著要東西吃，該順從他並提供食物嗎？,https://health.udn.com/health/care/129/292608
失智症,飲食和營養,拒食或亂食,Q⦁媽媽會亂翻冰箱裡的東西來吃，不管是什麼東西統統裝下肚，還因此上吐下瀉，該如何避免？,https://health.udn.com/health/care/129/292609
失智症,飲食和營養,拒食或亂食,Q⦁奶奶拒絕吃飯，體重還因此減輕，家人也拿她沒辦法，該強迫失智者進食嗎？怎麼做才正確？,https://health.udn.com/health/care/129/292610
失智症,飲食和營養,拒食或亂食,Q⦁有一次家人看到爺爺將廁所裡的肥皂偷藏起來，不一會兒就往嘴裡塞，該怎麼制止他亂吃東西？,https://health.udn.com/health/care/129/292611
失智症,飲食和營養,喝水與吞嚥,Q⦁為什麼爺爺喝水都會嗆到且不停咳嗽呢？該怎麼協助他比較好？,https://health.udn.com/health/care/129/292612
失智症,飲食和營養,喝水與吞嚥,Q⦁媽媽不愛喝水，常導致泌尿道感染，該用什麼方式讓她多喝水？有其它可以替代水的東西嗎？,https://health.udn.com/health/care/129/292613
失智症,飲食和營養,喝水與吞嚥,Q⦁婆婆吃飯時，常常將食物含在嘴巴，或咬一咬就吐掉，是因為吞嚥困難嗎？,https://health.udn.com/health/care/129/292614
失智症,飲食和營養,喝水與吞嚥,Q⦁怕失智者進食時會有噎到的危險，在食材準備上，需要特別注意什麼問題嗎？,https://health.udn.com/health/care/129/292615
失智症,飲食和營養,喝水與吞嚥,Q⦁媽媽最近吃飯時間越來越長，食物老是含在嘴巴里，又不吞下去，是什麼原因？有什麼方法嗎？,https://health.udn.com/health/care/129/292713
失智症,飲食和營養,用餐環境,Q⦁想鼓勵失智者自行吃飯，該如何挑選餐具？家中一般的碗筷是否可以提供給失智者使用？,https://health.udn.com/health/care/129/292616
失智症,飲食和營養,用餐環境,Q⦁家人喜歡邊看電視邊吃飯，但只要有聲音，失智的婆婆就會突然不吃飯，是環境影響產生不安全感嗎？,https://health.udn.com/health/care/129/292617
失智症,飲食和營養,用餐環境,Q⦁想帶失智爸爸參加家族聚餐，但又深怕會有失控行為，用餐時需注意什麼事情嗎？,https://health.udn.com/health/care/129/292618
失智症,飲食和營養,營養,Q⦁失智者跟一般人一樣一天三餐嗎？每餐的量該準備多少呢？,https://health.udn.com/health/care/129/292619
失智症,飲食和營養,營養,Q⦁家人罹患血管性失智症，飲食需要準備清淡一些嗎？有什麼其它該注意的地方？,https://health.udn.com/health/care/129/292620
失智症,飲食和營養,營養,Q⦁請問除了正餐以外，還需要額外準備營養品給失智長輩嗎？,https://health.udn.com/health/care/129/292621
失智症,飲食和營養,營養,Q⦁請問失智者有特別需要攝取的營養素嗎？有哪些食物富含這些營養素呢？,https://health.udn.com/health/care/129/292622
失智症,飲食和營養,營養,Q⦁我知道「地中海飲食」可以預防失智，但對於已經失智的家人還有用嗎？,https://health.udn.com/health/care/129/292623
失智症,飲食和營養,營養,Q⦁媽媽以前不愛甜食，罹患失智症後卻很嗜甜，失智會造成口味改變？失智者愛吃甜該怎麼應對？,https://health.udn.com/health/care/129/292624
失智症,飲食和營養,營養,Q⦁請問大家都怎麼幫長輩備餐？,https://health.udn.com/health/care/129/292742
失智症,飲食和營養,穿著打扮,Q⦁媽媽每天都會站在衣櫃前挑衣服，一挑就是好幾個小時，也不願接受別人代挑，該怎麼辦才好？,https://health.udn.com/health/care/129/292625
失智症,飲食和營養,穿著打扮,Q⦁公公最近常穿同一件衣褲不願換洗，身上散發濃濃異味，該用何種方式誘導他換衣服？,https://health.udn.com/health/care/129/292626
失智症,穿著和衛生,穿著打扮,Q⦁失智者的衣物到底該依花色還是材質挑選？簡單寬鬆的衣物有助於他自行穿脫嗎？,https://health.udn.com/health/care/130/292627
失智症,穿著和衛生,穿著打扮,Q⦁為什麼爺爺不喜歡穿衣服？總會自行脫掉衣物，但是天氣很冷，很擔心爺爺因此感冒。,https://health.udn.com/health/care/130/292628
失智症,穿著和衛生,穿著打扮,Q⦁母親時常盯著內衣、上衣、褲子，思索要先穿哪件，穿衣順序造成母親困擾，我該如何協助？,https://health.udn.com/health/care/130/292629
失智症,穿著和衛生,穿著打扮,Q⦁失智者不會自行綁鞋帶，常常穿不耐走的拖鞋出門，請問應該挑選什麼樣的鞋子給失智者穿呢？,https://health.udn.com/health/care/130/292630
失智症,穿著和衛生,穿著打扮,Q⦁最近爸爸手受傷，我看他穿衣服不方便想幫他，但是爸爸堅持要自己穿，有什麼方法能幫他嗎？,https://health.udn.com/health/care/130/292711
失智症,穿著和衛生,冷熱知覺,Q⦁天冷時總想幫失智者蓋電熱毯或提供用毛巾裹好的熱水袋，但又深怕燙傷，失智者該如何保暖？,https://health.udn.com/health/care/130/292631
失智症,穿著和衛生,冷熱知覺,Q⦁天氣愈來愈熱，但失智的媽媽卻將毛衣一件件穿上，也不願別人幫她脫去，她感受不到熱嗎？,https://health.udn.com/health/care/130/292632
失智症,穿著和衛生,冷熱知覺,Q⦁夏天該準備什麼樣的衣物給失智者穿比較好？最近先生的身上長了非常多的痱子。,https://health.udn.com/health/care/130/292633
失智症,穿著和衛生,冷熱知覺,Q⦁最近天氣好冷，照顧的長輩常常手腳冰冷，請問大家有沒有推薦的保暖方法？,https://health.udn.com/health/care/130/292716
失智症,穿著和衛生,冷熱知覺,Q⦁天氣變冷，請問大家都怎麼替長輩保暖呢？,https://health.udn.com/health/care/130/292737
失智症,穿著和衛生,外表儀容,Q⦁奶奶很喜歡家人幫她梳頭髮，每次梳完都會很開心，為什麼失智後還會在意自己的外在？,https://health.udn.com/health/care/130/292634
失智症,穿著和衛生,外表儀容,Q⦁每次要幫父親刮鬍子，父親就會拒絕、反抗，要怎麼說服？幫失智者刮鬍子有什麼技巧嗎？,https://health.udn.com/health/care/130/292635
失智症,穿著和衛生,外表儀容,Q⦁奶奶吵著要上美容院燙頭髮，請問失智者能上美容院燙頭髮嗎？會不會出現什麼樣的問題呢？,https://health.udn.com/health/care/130/292636
失智症,穿著和衛生,外表儀容,Q⦁家人想幫阿嬤剪指甲，但阿嬤看到剪刀，以為家人要對她不利，如何讓阿嬤乖乖剪指甲嗎？,https://health.udn.com/health/care/130/292637
失智症,穿著和衛生,洗澡刷牙,Q⦁以前媽媽洗完澡還會噴香水，現在卻變得不修邊幅，請問幫失智者洗澡需要營造特定氛圍嗎？,https://health.udn.com/health/care/130/292638
失智症,穿著和衛生,洗澡刷牙,Q⦁為什麼爸爸這麼抗拒洗澡？每次都要花上好幾個鐘頭，非常耗神與體力，有什麼方式可以改善？,https://health.udn.com/health/care/130/292639
失智症,穿著和衛生,洗澡刷牙,Q⦁請問幫失智者洗澡前需要準備什麼？有洗澡的SOP流程嗎？身體與頭髮是否可以分次洗？,https://health.udn.com/health/care/130/292640
失智症,穿著和衛生,洗澡刷牙,Q⦁失智者洗完澡後皮膚易變得乾燥，請問是清潔用品選錯了嗎？該幫他擦乳液保養嗎？,https://health.udn.com/health/care/130/292641
失智症,穿著和衛生,洗澡刷牙,Q⦁失智的爺爺行動不便無法下床洗澡，請問家人該如何協助沐浴？,https://health.udn.com/health/care/130/292642
失智症,穿著和衛生,洗澡刷牙,Q⦁失智者能夠自行刷牙嗎？很怕爸爸誤吞牙膏，請問除了牙膏以外，有其它可替代的物品嗎？,https://health.udn.com/health/care/130/292643
失智症,穿著和衛生,洗澡刷牙,Q⦁阿公很抗拒洗澡，但有次身上都臭了，想幫他洗澡卻因為掙扎而滑倒受傷，你在照顧家人的時候，還有遇到過什麼棘手的情況嗎？,https://health.udn.com/health/care/130/292714
失智症,穿著和衛生,洗澡刷牙,Q⦁每次幫失智的阿嬤洗澡都非常困難，簡直像打仗，有時得出動三、四個人才能順利完成這「不可能的任務」，該怎麼讓失智症患者願意洗澡？,https://health.udn.com/health/care/130/292719
失智症,居家和行動,居家規畫,Q⦁失智者一直想出門，甚至把窗當成門，差點發生墜樓意外，家人只能鎖門關窗嗎？該如何處理？,https://health.udn.com/health/care/131/292644
失智症,居家和行動,居家規畫,Q⦁失智者常常搞不清楚廁所與房間的方位，說要睡覺卻跑到廁所，我該用什麼方式協助他辨別？,https://health.udn.com/health/care/131/292645
失智症,居家和行動,居家規畫,Q⦁父親常抱怨找不到東西，把家裡翻的亂七八糟，但東西每天都放在固定位子，為何還會找不到？,https://health.udn.com/health/care/131/292646
失智症,居家和行動,居家規畫,Q⦁家中是開放式廚房，很怕失智者會自行開瓦斯、拿菜刀，廚房物品該如何重新擺放以防危險？,https://health.udn.com/health/care/131/292647
失智症,居家和行動,居家規畫,Q⦁廁所常常濕滑，很怕爺爺會因此跌倒。廁所環境該做哪些調整，以預防爺爺跌倒？,https://health.udn.com/health/care/131/292648
失智症,居家和行動,居家規畫,Q⦁請問失智者需要很大的活動空間嗎？家裡很小、雜物很多，不知是否會影響？若會如何改善？,https://health.udn.com/health/care/131/292649
失智症,居家和行動,居家規畫,Q⦁失智者一直以來住在家中較暗的房間，平時曬不到太陽。光線會影響失智者嗎？該怎麼調整？,https://health.udn.com/health/care/131/292650
失智症,居家和行動,居家規畫,Q⦁家人協助整理奶奶的房間，但奶奶反而變得焦躁不安，一直嚷嚷說，這不是她的房間，為什麼？,https://health.udn.com/health/care/131/292651
失智症,居家和行動,走失,Q⦁失智者有自行出門的經驗，也曾走失，我該讓他配戴什麼防走失物品嗎？還是盡量不要出門？,https://health.udn.com/health/care/131/292652
失智症,居家和行動,外出,Q⦁想帶失智家人出遊，但不知他的體力能否負荷？需特別注意什麼嗎？,https://health.udn.com/health/care/131/292653
失智症,居家和行動,外出,Q⦁失智者每次聽到要看醫生，就躺在床上不願起來，該如何誘導他去醫院？需準備什麼東西嗎？,https://health.udn.com/health/care/131/292654
失智症,居家和行動,外出,Q⦁請問你也有帶失智症患者外出的困擾嗎？如失智症患者的體力、上廁所、餐廳用餐等等問題。該如何解決？,https://health.udn.com/health/care/131/292741
失智症,居家和行動,外出,Q⦁新冠疫情爆發期間每天確診數攀升讓家屬好緊張，失智症患者一直在無預警之下跑出門，隨時都有染疫風險，到底該怎麼辦？,https://health.udn.com/health/care/131/292744
失智症,居家和行動,遊走,Q⦁父親在家坐不住，會一直吵著要出門，該怎麼轉移注意力，讓他忘記出門這件事？,https://health.udn.com/health/care/131/292655
失智症,居家和行動,遊走,Q⦁媽媽成天走來走去，好像在找什麼，有辦法讓媽媽安靜坐下來，做點別的事情嗎？,https://health.udn.com/health/care/131/292656
失智症,居家和行動,跌倒,Q⦁奶奶最近走路愈來愈容易跌倒，是因為體力不好的關係嗎？還是有其它可能原因？,https://health.udn.com/health/care/131/292657
失智症,認知和脫序,幻視,Q⦁媽媽常對著房間的全身鏡大發雷霆，總說有人盯著她睡覺。鏡子是主因嗎？該把它遮住或移除？,https://health.udn.com/health/care/132/292658
失智症,認知和脫序,幻視,Q⦁媽媽常說花紋地板上有東西，還會一直對著它們說話，是家中的地板有什麼問題嗎？,https://health.udn.com/health/care/132/292659
失智症,認知和脫序,認知堅持,Q⦁失智者時常叫我幫她拿「黃色」的杯子，但家中並沒有，失智者對於色彩的辨識度有困難嗎？,https://health.udn.com/health/care/132/292660
失智症,認知和脫序,認知堅持,Q⦁母親喜愛薰衣草香味，每次都要在她房間點精油燈才肯入睡，是因為失智者的嗅覺比較敏感？,https://health.udn.com/health/care/132/292661
失智症,認知和脫序,金錢障礙,Q⦁太太還記得路怎麼走，會讓她到巷口買東西，但常常會忘記付錢而造成誤會，該怎麼避免？,https://health.udn.com/health/care/132/292662
失智症,認知和脫序,物品囤積,Q⦁先生一直胡亂蒐集東西，特別是外面的傳單，拿回來丟的房間都是，我該制止他嗎？,https://health.udn.com/health/care/132/292663
失智症,認知和脫序,幻覺,Q⦁奶奶成天都說家裡有別人，我們聽了都很害怕，跟她說沒有，她就立刻大發雷霆，該如何解釋？,https://health.udn.com/health/care/132/292664
失智症,認知和脫序,妄想,Q⦁婆婆忘記我是她的媳婦，我是照顧她的人，卻被當壞人，住在一起好辛苦，不知如何相處？,https://health.udn.com/health/care/132/292665
失智症,認知和脫序,妄想,Q⦁自從過完年，感覺爸爸變得很敏感、人也容易恐慌，總覺得有人要害他。其他失智長輩也會出現這樣的狀況嗎？,https://health.udn.com/health/care/132/292712
失智症,認知和脫序,妄想,Q⦁請問你也曾遇過失智症患者說你是小偷的狀況嗎？請問該如何處理？,https://health.udn.com/health/care/132/292731
失智症,認知和脫序,日夜顛倒,Q⦁失智者日夜顛倒，白天睡飽後，晚上精神就特別好，如何讓失智者調回正常的作息？,https://health.udn.com/health/care/132/292666
失智症,認知和脫序,日夜顛倒,Q⦁失智症患者日夜顛倒怎麼辦？,https://health.udn.com/health/care/132/292721
失智症,認知和脫序,日落症候群,Q⦁每天一接近傍晚，阿公就會大吼大叫，其它時間都好好的，為什麼這個時間就會出現這種狀況？,https://health.udn.com/health/care/132/292667
失智症,認知和脫序,重複行為,Q⦁奶奶一下要上廁所（帶她去也不上）一下要回房間，一下又說肚子餓，到底該怎麼溝通？,https://health.udn.com/health/care/132/292668
失智症,認知和脫序,重複行為,Q⦁失智父親每天問我「現在幾點了？」，重複不下十次，有什麼方法可以不再讓他問這個問題？,https://health.udn.com/health/care/132/292669
失智症,認知和脫序,暴力行為,Q⦁爺爺一不順心就踢人，大聲斥喝就會變本加厲，他以前是非常溫和的，為何連個性都變了？,https://health.udn.com/health/care/132/292670
失智症,認知和脫序,失禁,Q⦁失智的爸爸有大小便失禁的情形，我該教他如何上廁所？還是直接讓他包尿布比較好？,https://health.udn.com/health/care/132/292671
失智症,認知和脫序,失禁,Q⦁帶失智症長輩外出遇到失禁問題怎麼處理？有什麼提前準備的方法？,https://health.udn.com/health/care/132/292723
失智症,認知和脫序,失禁,Q⦁長輩大小便失禁，該包尿布嗎？,https://health.udn.com/health/care/132/292732
失智症,認知和脫序,玩糞,Q⦁奶奶自己去上廁所，在裡面待了很久，出來以後發現牆壁上都是糞便，為什麼奶奶會這樣？,https://health.udn.com/health/care/132/292672
失智症,認知和脫序,性行為問題,Q⦁爸爸會對外籍看護毛手毛腳，但以前不曾發生過，為什麼失智後反而會出現這樣的行為呢？,https://health.udn.com/health/care/132/292673
失智症,用藥和照護,用藥,Q⦁婆婆日夜顛倒，以致有失眠問題，家人也因此無法休息，失智者可以服用安眠藥調整作息嗎？,https://health.udn.com/health/care/133/292674
失智症,用藥和照護,用藥,Q⦁每次拿藥給爺爺吃，爺爺就說有人要毒害他，該怎麼跟他解釋？失智者用藥時需要注意什麼？,https://health.udn.com/health/care/133/292675
失智症,用藥和照護,身心壓力,Q⦁我是女性照顧者，帶爸爸外出時上廁所，無法陪同他進去，但又怕發生危險，該如何是好？,https://health.udn.com/health/care/133/292676
失智症,用藥和照護,身心壓力,Q⦁我的情緒常因父親起伏不定，照顧失智者真的好累。請問有能讓我喘口氣的地方嗎？,https://health.udn.com/health/care/133/292677
失智症,用藥和照護,身心壓力,Q⦁爸爸不記得我是誰，有一天他對我說辛苦了，他是記起我是誰了？還是感受到我對他的好？,https://health.udn.com/health/care/133/292678
失智症,用藥和照護,身心壓力,Q⦁當主要照顧者需要暫時離開時，對於接替照顧的人該如何交接？對失智者又該如何解釋與說明？,https://health.udn.com/health/care/133/292679
失智症,用藥和照護,身心壓力,Q⦁想帶媽媽到戶外呼吸新鮮空氣，有適合失智者的友善環境，體諒失智者行為失控的地方？,https://health.udn.com/health/care/133/292680
失智症,用藥和照護,身心壓力,Q⦁每次帶母親出去，只要一不順她的意就開始罵人尖叫，路人看到都議論紛紛，該如何化解尷尬？,https://health.udn.com/health/care/133/292681
失智症,用藥和照護,身心壓力,Q⦁身為家中無業的小孩，被兄姊要求照顧失智的老爸，長期照顧下來情緒越來越低落，很難開心起來，你也會這樣嗎？,https://health.udn.com/health/care/133/292734
失智症,用藥和照護,外籍看護,Q⦁婆婆不喜歡我們請的外籍看護，一直說要把她趕走，請問該怎麼辦？,https://health.udn.com/health/care/133/292682
失智症,用藥和照護,外籍看護,Q⦁想找人照顧家中的失智者，該找外籍看護嗎？是否有其它選擇？,https://health.udn.com/health/care/133/292683
失智症,用藥和照護,外籍看護,Q⦁我該帶外籍看護上失智相關課程嗎？外籍看護跟婆婆有非常多的溝通問題，不知道問題出在哪？,https://health.udn.com/health/care/133/292684
失智症,用藥和照護,外籍看護,Q⦁外籍看護抱怨，同一件事用同樣的方法，媽媽一下子能接受，一下子不行，不知道標準在哪？,https://health.udn.com/health/care/133/292685
失智症,用藥和照護,外籍看護,Q⦁家有失智長者，請問可以申請外籍看護嗎？資格是什麼？又該去哪申請？,https://health.udn.com/health/care/133/292686
失智症,用藥和照護,補助申請,Q⦁家屬該準備什麼輔具協助失智者的生活起居？這些輔具可以向政府申請嗎？該去哪裡申請？,https://health.udn.com/health/care/133/292687
失智症,用藥和照護,補助申請,Q⦁請問失智症是身心障礙的一種嗎？該如何申請證明呢？得到證明後又有什麼樣的好處？,https://health.udn.com/health/care/133/292688
失智症,用藥和照護,補助申請,Q⦁家人確診失智症，想送家人到安養院住又怕被說不孝，我該辭職照顧嗎？,https://health.udn.com/health/care/133/292717
失智症,用藥和照護,補助申請,Q⦁請問你有用過什麼照顧資源嗎？會不會很難申請？,https://health.udn.com/health/care/133/292722
失智症,用藥和照護,補助申請,Q⦁請問照顧罹患失智的父母要用哪一種方式？全職照顧？外籍看護？安養院？政府資源？請問失智資源與長照資源有什麼不一樣？申請失智資源後，就不能使用長照資源嗎？,https://health.udn.com/health/care/133/292725
失智症,用藥和照護,補助申請,Q⦁請問失智資源與長照資源有什麼不一樣？申請失智資源後，就不能使用長照資源嗎？,https://health.udn.com/health/care/133/292726
失智症,用藥和照護,補助申請,Q⦁請問大家在照顧的這條路上，會經常感到孤立無援嗎？,https://health.udn.com/health/care/133/292727
失智症,用藥和照護,財產管理,Q⦁因為家中有人是失智者，擔心自己將來也罹患失智症，該買什麼保險？這類保險如何理賠？,https://health.udn.com/health/care/133/292689
失智症,用藥和照護,財產管理,Q⦁阿公患有失智症，但被誘使幫人作保並提供房屋作為抵押，請問這具有法律效力嗎？,https://health.udn.com/health/care/133/292690
失智症,用藥和照護,財產管理,Q⦁很怕兄弟姊妹會趁著失智者失智，設法將財產轉到自己名下，該如何協助失智者做財產管理？,https://health.udn.com/health/care/133/292691
失智症,用藥和照護,財產管理,Q⦁有一次媽媽居然將貴重的珠寶首飾送給不熟識的鄰居，該怎麼開口跟媽媽說我想幫她保管財物？,https://health.udn.com/health/care/133/292692
失智症,用藥和照護,居住安排,Q⦁失智者被家人接回家裡住，卻每天吵著要回家。是住不習慣嗎？有什麼方式能幫助他習慣？,https://health.udn.com/health/care/133/292693
失智症,用藥和照護,居住安排,Q⦁我無法親手將母親送進安養院，但自己真的照顧不來，身心俱疲，送安養院是唯一的辦法嗎？,https://health.udn.com/health/care/133/292694
失智症,用藥和照護,居住安排,Q⦁我是全職照顧者，但也有需要休息的時候，也想要自己的人生，請問有日托失智者的地方嗎？,https://health.udn.com/health/care/133/292695
失智症,用藥和照護,居住安排,Q⦁因為工作關係，暫時將媽媽接到妹妹家住，在家時媽媽狀況還不錯，為何一到妹妹家就尿失禁？,https://health.udn.com/health/care/133/292696
失智症,用藥和照護,居住安排,Q⦁婆婆習慣選擇獨居，罹患失智症後仍不願意離開南部，北上和子女同住，但失智者可以獨居嗎？,https://health.udn.com/health/care/133/292697
失智症,用藥和照護,居住安排,Q⦁該讓失智長者享有獨立的空間？還是最好與家人同居才安全？,https://health.udn.com/health/care/133/292698
失智症,用藥和照護,居住安排,Q⦁母親常常口出穢言甚至有暴力行為，但家有年幼孩子，怕會有教育問題，該讓他們繼續同住嗎？,https://health.udn.com/health/care/133/292699
失智症,用藥和照護,照顧喘息,Q⦁最近幫失智症患者洗澡閃到腰，請問身為照顧者的你，身體是否也曾因爲照顧家屬出現任何病痛嗎？,https://health.udn.com/health/care/133/292708
失智症,用藥和照護,照顧喘息,Q⦁全職在家照顧失智症的婆婆，最近真的覺得壓力很大，想讓丈夫幫忙分擔一下照顧壓力，他卻說上班賺錢已經很辛苦了不能讓他休息嗎？我該怎麼辦？,https://health.udn.com/health/care/133/292709
失智症,用藥和照護,照顧喘息,Q⦁我是女生，身材比較瘦小，每次照顧父親時都覺得很吃力。想問大家覺得照顧過程中哪些部分壓力最大？如沐浴、餵食、外出、就醫等。,https://health.udn.com/health/care/133/292710
失智症,用藥和照護,照顧喘息,Q⦁真的好討厭過年，每次都被親戚狂說風涼話，讓人只想翻白眼，失智症患者家屬在過年期間最不想聽到什麼話？,https://health.udn.com/health/care/133/292715
失智症,用藥和照護,照顧喘息,Q⦁家裡人都不理解照顧者的辛苦，自己在照顧路上感覺很孤獨，請問有什麼方式能激勵自己，讓自己不感到孤獨？,https://health.udn.com/health/care/133/292718
失智症,用藥和照護,照顧喘息,Q⦁請問照顧者平時會遇到想睡睡不著的情況嗎？大家都是怎麼解決的？,https://health.udn.com/health/care/133/292728
失智症,用藥和照護,照顧喘息,Q⦁請問遇到會下照顧指導棋的親戚怎麼辦？,https://health.udn.com/health/care/133/292736
失智症,用藥和照護,照顧喘息,Q⦁過年期間大掃除、拜拜，親友進出拜年，失智症患者情緒波動較多，請問如何幫助失智症患者和家人平順過年過節？,https://health.udn.com/health/care/133/292738
失智症,用藥和照護,照顧喘息,Q⦁請問身為照顧者的你們，都幾點睡？以及幾點該起床照顧失智症患者？,https://health.udn.com/health/care/133/292740
失智症,用藥和照護,照顧喘息,Q⦁請問照顧者有時間做自己的事嗎？大家都幾點睡呢？一整天下來，好像只剩下半夜能做自己的事？,https://health.udn.com/health/care/133/292743
失智症,用藥和照護,新手照顧,Q⦁你怎麼發現家人失智？,https://health.udn.com/health/care/133/292720
失智症,用藥和照護,新手照顧,Q⦁家人失智了，該怎麼辦？請問失智症患者會出現哪些症狀？,https://health.udn.com/health/care/133/292724
失智症,用藥和照護,新手照顧,Q⦁請問大家會替失智症患者安排活動嗎？例如：運動、家事、手工藝...,https://health.udn.com/health/care/133/292730
失智症,用藥和照護,新手照顧,Q⦁失智症患者情緒不穩定，大吵大鬧時，請問要如何安撫？,https://health.udn.com/health/care/133/292733
失智症,用藥和照護,新手照顧,Q⦁請問失智症患者不願意出門看醫生怎麼辦？,https://health.udn.com/health/care/133/292735
失智症,用藥和照護,新手照顧,Q⦁因為照顧失智的家人，非常害怕自己將來也會失智，請問你也會有這樣擔憂的心情嗎？,https://health.udn.com/health/care/133/292739
失智症,用藥和照護,新手照顧,Q⦁失智症患者情緒不穩定，大吵大鬧時，請問大家都如何安撫？,https://health.udn.com/health/care/133/292745
失智症,非藥物治療,音樂治療,Q⦁失智者聽到熟悉的音樂會跟著哼唱，多放懷舊音樂給她聽，有助於延緩失智嗎？,https://health.udn.com/health/care/134/292700
失智症,非藥物治療,音樂治療,Q⦁我發現播放輕鬆舒服的音樂給媽媽聽，會讓她的情緒較穩定，洗澡、吃飯時也能播音樂嗎？,https://health.udn.com/health/care/134/292701
失智症,非藥物治療,運動治療,Q⦁先生罹患失智症前，有非常規律的運動習慣，罹患失智後，我該讓他維持先前的運動習慣嗎？,https://health.udn.com/health/care/134/292702
失智症,非藥物治療,運動治療,Q⦁要阿嬤出門真的不容易，請問有什麼運動是失智者在家就可以做的嗎？不想讓她成天坐在家裡。,https://health.udn.com/health/care/134/292703
失智症,非藥物治療,懷舊治療,Q⦁奶奶會忘記剛剛發生的事，但看到古早器具還可以說出用途，為何失智者反而保留以前的記憶？,https://health.udn.com/health/care/134/292704
失智症,非藥物治療,延緩課程,Q⦁失智家人成天在家，我該怎麼幫他安排日常活動？但平日要上班，該如何將時間分配得宜？,https://health.udn.com/health/care/134/292705
失智症,非藥物治療,延緩課程,Q⦁延緩失智症的課程對失智者有效嗎？很想帶媽媽上課，但不知該如何選擇適合她的課程？,https://health.udn.com/health/care/134/292706
失智症,非藥物治療,延緩課程,Q⦁請問大家會帶失智症患者一起做什麼事嗎？該用什麼方式引導失智症患者參與？,https://health.udn.com/health/care/134/292729
失智症,非藥物治療,寵物治療,Q⦁聽說養寵物能降低失智者焦躁不安的情緒，有需要特別養寵物來陪伴失智的家人嗎？,https://health.udn.com/health/care/134/292707
